{"train": [5.461375582093561, 5.324529082102227, 5.301939075416804, 5.294197673166255, 5.293883425018098], "val": [5.313676842188431, 5.2790448544389115, 5.274651891094143, 5.267316834401276, 5.265277151334083]}